{
	"info": {
		"_postman_id": "3bffae81-1f87-4be9-997b-ffd4518b7d8a",
		"name": "Shorter URL",
		"schema": "https://schema.getpostman.com/json/collection/v2.1.0/collection.json",
		"_exporter_id": "16420143"
	},
	"item": [
		{
			"name": "Get URL",
			"request": {
				"method": "POST",
				"header": [],
				"body": {
					"mode": "urlencoded",
					"urlencoded": [
						{
							"key": "url",
							"value": "https://mail.google.com/mail/u/0/#inbox",
							"type": "text"
						}
					]
				},
				"url": {
					"raw": "localhost:8000/short",
					"host": [
						"localhost"
					],
					"port": "8000",
					"path": [
						"short"
					]
				}
			},
			"response": []
		},
		{
			"name": "Get Original Site",
			"request": {
				"method": "POST",
				"header": [],
				"url": {
					"raw": "localhost:8000/short/:code",
					"host": [
						"localhost"
					],
					"port": "8000",
					"path": [
						"short",
						":code"
					],
					"variable": [
						{
							"key": "code",
							"value": "0Afcm43"
						}
					]
				}
			},
			"response": []
		}
	]
}